inventory_id,Updated Location
7dc6e745-239e-43ab-ba87-4f655ac3c9fe,Loft - S1
c4a45b19-81bf-42cf-8d5f-841d8249bd37,Loft - S1
a75d8910-a442-4f3f-ad06-88e6635f0adb,Loft - S111
748f2b06-abbc-439a-ba04-2304f7ccc6cd,Garage - Shelf
79e15f54-3f7f-453b-9dec-5c43830a2105,Loft - S1
30166601-40ec-42e4-b51e-7daf59e815f4,Loft - S1
2da2dbcd-cf8b-4572-8202-38b2b8911c06,Loft - S1
cfdd9b60-3507-4c1f-a288-cd8b6050dac2,Loft - S1
327e7921-1650-4c38-a741-03b1433dfe8d,Loft - S8
8a543604-d61a-43fe-b75e-ccc5ae4204fe,Loft - S32
9916671e-c7f6-4b0a-a1da-ca929bf53f9b,Loft - S66
f531b5da-29b2-423b-b095-d553b3f496d2,Loft - S1
33798326-d4c8-43e6-a4f8-03b364a525e3,Loft - S48
d822931b-44eb-4f92-9679-2069da5194be,Loft - S1
1e87ab6f-206d-4f43-ad65-21d7855d36b3,Loft - S9
22024a85-601d-484d-89d9-f13b47836b4c,Loft - S32
21c2f9ec-dda4-464a-9e2a-cf3cc5312096,Loft - S67
6fbfbb9b-2d99-4583-9af7-3ad9124fccbe,Loft - S67
ab1d2c94-752a-45d6-8ea5-7f916c26016a,Loft - S67
ffc022d9-354f-4529-9220-ea81b472bf05,Loft - S1
ee75808a-f526-49f2-ac61-9463646f25d0,Loft - S3
627f6bba-28f2-4730-9280-d4064baefde7,Loft - S3
4c7f7bce-6cfc-4a77-9aef-a4071b74f26e,Loft - S3
88192906-4d99-4a93-82cb-917d7133b504,Loft - S3
bf6f7194-9f08-4a63-9f3b-f05c837a31cd,Loft - S3
e4aac118-771c-4547-a8ca-35cde52f4b92,Loft - S3
d8af495d-20e1-4ea0-b534-6f9971ad138b,Loft - S8
0b30f07d-ef58-42fc-b174-75bf60d560f5,Loft - S8
6f0972d7-0478-45dd-a96f-d30c425befcb,Loft - S8
d4095c7c-3981-47b8-a1ac-8f3397225f36,Loft - S8
31ed05f7-d890-4495-9994-040b4870fd92,Loft - S9
58d8115b-4e9c-4d8d-a9a1-106d84b79c20,Loft - S20
aa445a0b-bd4c-4e11-8708-df7110c18609,Loft - S20
d2e5cc7e-23cb-4611-b3e4-12de5d164d6b,Loft - S20
829e30bc-f8c2-419e-bb86-3bf2f82507ad,Loft - S20
3e76556f-321a-47ea-adbb-456e035e137d,Loft - S22
dee4de52-3541-4460-80d7-1aaaad7b26cb,Loft - S37
fa45f5a1-4927-44a6-b0d3-6f5a673d2f71,Loft - S37
aa670824-e93c-4d91-af20-b8ffa450113e,Loft - S37
065bebeb-6107-4625-b722-4c5f75b5a1aa,Loft - S53
3f46f228-0a18-4886-b4c9-51fb63c1e21b,Loft - S66
45df157c-89fb-493b-9840-4bc8c318d4ce,Loft - S67
d806911d-4df4-49e3-9f70-393972503269,Loft - S67
7f430dcf-28c1-4884-8ddc-2c3d298deb00,Loft - S70
a36e65ef-7c71-4e3b-bee9-5a7ae8e9713d,Loft - S8
821ad02e-063e-4b86-a463-16c22213dbb8,Loft - S8
6ce77c02-975c-4662-8ede-b8721e5778fe,Loft - S8
2b9904a3-ab9f-4f64-afa5-04303bfdd3bc,Loft - S8
8837872b-b10c-4a6d-a9d9-341c79acaf7b,Loft - S8
7682b19b-95fc-4e6d-af72-0263ba61b514,Loft - S8
d5f6ea8a-e66c-4894-a5ef-1790a48cb78b,Loft - S8
cc16c70c-4a84-40ef-8d09-bd048f3a77e4,Loft - S8
7724bae3-a0db-450c-976b-fdd416091417,Loft - S8
f259e5c6-5263-401b-9560-e1506f9afa5e,Loft - S8
083cb8a8-c7aa-465b-9ca4-76a825e6d52a,Loft - S8
27af17ea-88f4-4f3f-bd24-dc6f32d204a9,Hadleys - S19
e91c8f19-abbb-48f5-b5be-9e8a9380dcb7,Loft - S8
c209131a-d7a0-4c58-9cc0-2bbb548b164c,Loft - S8
f8d5ffff-dd4e-4765-bccf-4cdc1bf9aa0f,Loft - S9
65e5793e-fc1f-4841-86f2-ed857943023e,Loft - S9
5bc13d87-1298-46bc-9027-dc5d4bec27b2,Loft - S9
e02eacc3-6fde-4022-8a40-b7fa6ca9e6d2,Loft - S9
38e133bb-d464-47c6-833b-13af671917d8,Loft - S9
dbe82e8b-dd87-4eb9-9183-3af9a38cc5c1,Loft - S9
fda79c53-11ac-43a1-880c-683d2552f612,Loft - S9
2ac394a1-4663-4c4f-9d77-18d3d4d1529b,Loft - S9
02a50eea-35f3-4ccc-b662-113de2c2848b,Loft - S9
36708f4a-8570-477a-8a12-14394a38dc83,Loft - S56
6eade8b6-4916-4f0f-800d-3a0c942ff7da,Loft - S56
48f293a8-fbbb-4473-b011-fe1d09b2e2b9,Loft - S113A
4f892f61-6f42-4cc1-9200-9bc71e6414a3,Loft - S20
98598503-8466-4f50-912c-0634a202f61d,Loft - S20
308cfc39-1433-4ffc-9812-8214d115e7b3,Loft - S20
1e434b4e-9d26-40f5-af5d-3b3bea87f5b9,Loft - S66
2a5f8f1e-3729-4b7e-9b57-4f9775a90fba,Loft - S20
9673d898-064b-4c99-bf85-6521bdef94cc,Loft - S37
e075578f-fa0e-4af1-92ab-bca46738e88b,Loft - S20
01249a58-b96b-4318-a730-3b5a175d00e1,Loft - S67
44fbe128-9778-46ef-8e63-7c025c6d6ca6,Loft - S5
507422b8-8f54-4c4b-8cf6-83321f7f7bd1,GARAGE
2eb13024-e32b-4dd2-8c56-63353fc3b84b,Loft - S20
501fa648-1e81-441e-848e-4cc33a470f31,Loft - S20
f3aebfe2-64b1-402a-9fd0-1347ecec60c8,Loft - S20
ad8001e2-bc67-4560-b373-4677142d3571,Loft - S57
8c24394c-6acb-45b3-a492-e6b2bf99771e,Loft - S20
9d78b0a9-efb0-4906-86e7-b76c02aeaf1e,Loft - S20
776c53f5-020f-4251-b2b8-02af0964aa75,Loft - S20
2ec63efd-e0b5-49c1-b58d-3c4b86aa28ca,Loft - S112
f5fa04e6-d992-4749-813a-1aa28ccee82e,Loft - S20
3b99a958-9e9b-4d9e-984b-d32b771890db,Loft - S20
13417d7e-67de-4551-b520-0b122d74abf1,Loft - S20
8cac91cc-1c24-415d-a047-2e64e34c7bdc,Loft - S20
2fab0767-1975-4bd2-9cf3-5cc82c70c21b,Loft - S20
47e5329b-b515-4bea-8be6-98be2474cb9c,Loft - S20
9fa27c85-8ec5-42e6-907d-53c7a4a5823a,Loft - S20
d87fb60c-8708-4c77-b6bc-eea0f2382f0b,Loft - S20
5f9a014c-4a57-4d1a-ae29-20cf29dd69be,Loft - S22
07b43c30-d387-4a46-8294-3286fd977e6b,Loft - S22
f58175b9-4e38-4b8b-8163-42cb9ea56b1e,Loft - S22
e96a81db-324e-4b85-bc7a-7798de94c954,Loft - S22
c53dc395-da8e-4a93-9484-9cb3d30d9e81,Loft - S22
4462ff10-d446-4e3e-bfdf-f0d6e4342e8c,Loft - S22
44f40564-7339-49a5-9e62-d7d2f93d2862,Loft - S22
edbd1a10-f28f-4e65-aaa3-592605bcc5d8,Loft - S22
892ffbe2-f680-417e-b971-6922c4afe1f5,Loft - S22
9320420e-11d5-4c6e-90e1-538f0047733c,Loft - S22
0dbe1a64-1d22-4766-8ad5-b8acee055a8f,Loft - S64
2bf4484d-4179-40bf-aa30-f550842352ae,Loft - S66
69ed8611-eb9f-4067-bcbb-d5c4de1fd4da,Loft - S66
80f893f2-8aab-41aa-bfd0-a1a3612aa070,Loft - S67
b8601e92-022c-475d-98f8-d4e617c02e05,Loft - S67
a1b9c26a-ab8c-4d38-93fb-44382ddfb32b,Loft - S70
2d66a997-1cad-4682-8b17-c8aaccf03061,Loft - S70
8f93457c-4caa-4895-b0dc-e579bcf97cba,Loft - S70
ec652c3e-d7b5-4673-a365-12b7d58b5281,Loft - S70
785857cd-6662-4f73-a209-55bde222fc9c,Loft - S73
ae6ec2aa-ac32-40e2-a54f-899fa431b656,Loft - S73
c0c9cb71-5d0a-4755-8766-3dc3882ea8fc,Loft - S73
33bf661c-0ad1-4dd1-bf38-e61e138863a7,Loft - S73
cf698600-c7e7-4338-96d3-312660fbd6f1,Loft - S73
60964474-1169-465f-a720-395f00ebca5a,Loft - S73
1bf7c8ce-dbfd-4456-8832-6baefc0b9757,Loft - S73
33827495-d274-4ab8-a647-a7545889ec52,Loft - S73
85631ab4-a40b-4d84-be26-2e34ba21a360,Loft - S73
253b68f0-ab94-4484-8c7f-80a9a82194c9,Loft - S73
56d96937-0da2-4bf5-bac2-7633b467035d,Loft - S74
dc4c6861-aac6-4fd4-8125-76d22ee97129,Loft - S74
78ee05d5-fd44-458d-bed9-270b280298df,Loft - S74
9f8bcdc9-0f4d-4eec-bb02-b96da192d53d,Loft - S74
b588d91e-3837-48c9-8df1-bcd743a992f6,Loft - S22
9e92c1dc-4460-4bc6-be28-9ee291c1fa3d,Loft - S32
4e930d93-3df6-4ac2-a9b4-9441bcf49015,Loft - S22
afe3fb28-b57a-4b7a-9ce8-71863cb0e2aa,Loft - S22
2b0b83e3-2879-430f-a9bb-7152d21374fe,Loft - S22
979fbf7c-12a1-4aff-84e6-46b90373bb6e,Loft - S64
dfea74ec-9ee4-4374-b57e-e3a243e7864b,Loft - S64
3f3c413b-7dc4-463b-bf3f-85d70ffa40fd,Loft - S22
0f896487-368c-45a1-b991-804c050fecbf,GARAGE
0f45a9eb-780a-4855-8dac-1d22c97c1b8a,GARAGE
3f3ac8ac-22be-4758-a53d-75d303e81a36,Loft - S22
c4f52ee6-0e15-4907-a6dd-f22d84943ccf,Loft - S66
5ed7a0dd-3890-4ce2-acbb-b294a143cc8c,Loft - S22
ff937d96-00f9-4620-87ab-620955c46d75,Loft - S22
c81b2a64-76aa-4346-ab48-baed094c046b,Loft - S22
0fd4ed43-e4e2-45c6-bb64-6098d22d08d1,Loft - S22
9fa95b69-f34c-4c1c-be83-b04cbe0a36cc,Loft - S22
a25f518d-bcec-4c58-a242-350fa30b5088,Loft - S22
8593303a-51a7-4b19-b456-8a3253a1fe13,Loft - S22
aa8d88ee-ae94-461c-aaf4-749c80707704,Loft - S28
622fef9c-04d5-42c4-9f80-472adcae978a,Loft - S29
c59d2ca9-6e1d-4f21-a3ae-0118ca53c0e6,Loft - S29
ba20b04a-9da8-463b-8f5a-9c65f80a89cc,Loft - S29
58a5f263-5c9e-4dfe-9e6a-011fe4750b83,Loft - S32
634cc927-5b41-431f-98f2-1bca854e315b,Loft - S32
8af04407-f735-4d61-86d6-9eadf37acca0,Loft - S32
1bfd7b84-2b50-4855-b1cb-f23dcd9555a3,Loft - S32
ce86c497-1887-4c73-9a60-282be6420ae5,Loft - S32
4ee31f5e-f9fb-4150-8fa1-ba36ae43aa40,Loft - S32
09128bf0-6ebe-4de8-af46-6a40f83f4696,Loft - S32
21d7d217-bfa9-48db-8e6f-0bfbe7032bba,Loft - S32
6d66ace1-7fb4-4708-a7e8-25972b1c6b5c,Loft - S32
4a32627a-6b9e-4c1f-ae2d-2b0e9c3f2a1f,Loft - S32
e60a263f-3338-4881-af59-65038d3e32cc,Loft - S32
4586f6bc-d410-44f9-ad3c-29b559f13638,Hadleys - S19
04ce0355-554e-4bab-85c2-7f2f49cb4751,Hadleys - S19
10f8e8df-a699-477e-b018-ca10275c25ff,Loft - S32
ee6e9779-4b59-4ee3-814c-c3e851d906f3,GARAGE
6b2b659c-049c-4c57-b10c-7ee91c1421fb,Loft - S32
331dc3ac-25de-459e-9e68-50dbee9831f9,Loft - S37
63e99c3b-3c9d-4b6d-8722-a38f2f5a34a7,Loft - S67
a9bf73a7-0fa4-49ed-8185-5e52b6ac015c,Loft - S74
cee328ca-d137-4b83-8289-17fa3e101615,Loft - S37
0f6236b0-e57d-450c-8e5c-ac6423734230,Loft - S37
d2e83389-4af0-4288-9826-108b13c8bd37,Loft - S37
5ed66602-8016-4e03-8e46-9918c42374c7,Loft - S37
a172968a-4d15-48cc-85c1-187f6037fe88,Loft - S37
bd4f4a5b-7d2b-4514-9e25-98a27dc19d75,Loft - S37
ef79a00c-f5de-4f7f-8263-ed8815daa10b,Loft - S37
4748ef75-395d-4fea-98d3-7f344a8cc58f,Loft - S53
007f6c36-3cae-4b78-95e2-e29082d790fd,Loft - S37
9d931a15-4028-4882-ab29-b8969f4098a9,Loft - S56
9633f3e1-e233-4c6f-a21c-eb16612be6f5,Loft - S60
49a059bf-f3a5-46ae-aa09-353fa165ce84,Loft - S37
17938888-a97c-4309-b647-347ba29bfc32,Loft - S37
58632feb-67b1-4dcd-8060-b1f61ecfae15,Loft - S37
6bee5a4e-bfb6-4754-8dd7-d33d208185b2,Loft - S37
5ec72eb8-ef73-4473-9a69-04b3fb411b6c,Loft - S39
ecb75101-fd0b-4867-af5b-e8afea7d6c9f,Loft - S39
5becd384-d1e3-4fb6-bd61-219b9a34c27d,Loft - S39
429269fa-49cd-4819-8aed-9cbf5ff07a40,Loft - S39
ed4d902e-a531-46f2-a97f-7ff46be390f0,Loft - S39
c00cdae7-35a7-42cc-8261-c18b68c3b3c9,Loft - S39
74c71580-2234-445e-b9dd-664d958ea66c,Loft - S39
928a1d62-7de6-4068-9f63-3109d58f5133,Loft - S39
64263aec-370d-47b2-95a1-e98d368c57d3,Loft - S39
be34058e-11e8-4e66-b2b1-e059ea5cf2d4,Loft - S39
6628b664-d2ae-4bbe-b406-417849d92790,Loft - S39
a2ebc9a1-d4e9-4df4-9a53-d2634498f007,Loft - S39
dcd5c8b0-c333-46d9-b92b-29cc72a45991,Loft - S39
86d19730-b9fd-4d56-b612-a2e88f22fe4c,Loft - S47
d5c2b053-1337-4298-b7b1-46d2b3d8a1fb,Loft - Loose
cd131e3a-5a45-4fa2-bec6-1855e6e5632d,Loft - N105
5ed1be95-7dfb-4bc8-9041-e171811559d5,Loft - S48
0f8b7956-e73d-4216-bb12-654416fd37d5,Loft - S48
31e26a3f-dc49-42a8-9fa1-1b29c79f46cf,Loft - S48
6baf85f1-9a48-45fd-bc64-6b0a276fd10f,Loft - S48
b30e62c5-6997-4814-8119-ec4595f1d027,Loft - S48
bd49bfb6-1a27-473a-a5c8-c87366defce8,Loft - S48
417b5c72-ca60-4a6a-b945-8dfb47773dc2,Loft - S66
0710f5e5-58fa-4b43-b90f-e7bb287c0622,Loft - S48
6bcef722-f2d7-42a0-8937-9be4aca54ccd,Loft - S48
b95e79d0-f0e2-4527-b14f-eddeb5f21991,Loft - S48
3bc20af8-699c-4cdd-ac86-2af31ee96edd,Loft - S48
3e8f27cc-638e-48c3-a95e-da37cc04a41f,Loft - S48
06903f10-6fb5-4577-8814-6cd5c96e66eb,Loft - S48
d8495470-fa42-4f9a-b8c4-8964fc4f5e57,Loft - S57
304820ae-4122-4ff2-a756-f8e6623c30fc,Loft - S57
6e1de969-1904-42f9-854d-d08a6fa94f70,Loft - S57
ae59a4fc-e213-4fa5-8f9a-18e8b993321a,Loft - S57
525ccba9-115a-4ff7-99ea-6d45daf1d9be,Loft - S57
4e234f28-8f31-49f4-9cba-5316f77dc5a4,Loft - S57
c3a38e87-10f3-48ed-95bf-438c37e2a522,Loft - S48
93d50fbd-ccb6-4115-9374-a6f157a8c5da,Loft - S49
f2c2bf79-4d38-43bc-8b54-be03cbf34bb6,Loft - S49
5be0ebb1-9a84-4944-9fb3-f6ab2ef7c1f8,Loft - S49
d97f422c-fedc-44c0-9b1e-b5acd80d4017,Loft - S49
e843ad42-ba00-4ee8-81d8-27bd19330324,Loft - S49
97e4eacb-723a-4747-976d-f8732c673d04,Loft - S49
fec07859-8e89-4a82-b64b-41d430e91116,Loft - S49
209da76e-543b-456c-8f49-f2e046c79913,Loft - S49
158cb6ba-497d-4104-b7f1-541e1bb013a2,Loft - S49
fb071bf4-ab88-4157-a108-142af08b8097,Loft - S49
f07ca5e2-b331-461a-96d6-67fd742dc08e,Loft - S49
1bc34d7b-e017-471e-a5f4-398c51e0623b,Loft - S49
24b30f0f-559d-468d-adab-3005090931e3,Loft - S49
92c97ac6-36fc-40fa-95b6-ee8cd553c83c,Loft - S49
5f8e083e-f832-491b-a512-771ce88da183,Loft - S49
0867309c-ec0e-496a-a32a-17884cfa3681,Loft - S49
62983a99-d546-4c94-98a5-a404a881155c,Loft - S49
fbb382e7-9bd9-44f6-a6c0-9a345a2b3101,Loft - S49
827ee337-7051-464f-9c16-711ff387ec38,Loft - S49
4f9349c4-d1e2-46e7-a86f-8801740447b9,Loft - S49
55b24d6b-b6df-4292-80f1-85919def2b69,Loft - S49
ac56ece5-0a13-4390-a8f5-d4568f8b81a7,Loft - S49
5173fd90-3d76-4e6d-bc4e-0a531920f8ec,Loft - S49
e0c0db6e-f7a8-48c9-ad43-cc9b77065098,Loft - S49
9ee3139c-45a7-414d-bb00-9aedfa72bacf,Loft - S49
cd25bd47-f557-4e4d-a245-7689d4a833ce,Loft - S53
f472f143-0216-4ca9-972e-ba63e80208bb,Loft - S53
305a5f5e-8dcf-4ee5-aab4-8cc3e184704b,Loft - S53
50ea151e-803e-4fe1-8c37-adc390bb9299,Loft - S53
9b9fb5d2-3c11-4a6d-ae95-00be5f47c6ff,Loft - S53
1c440a9b-dd46-4974-8a7e-a8b6bfa1f51a,Loft - S53
e8eaa1b8-51ab-44ad-9f6c-60a06ad284df,Loft - S53
9c4d6eb0-928a-4599-bbc8-3750503b6cd7,Loft - S53
e8411a51-1e25-4149-ab58-39f85ed3b231,Loft - S53
ed325ae7-5994-41f7-9fc1-4bd975a22e1f,Loft - S53
189ea21f-6a61-4e65-b517-09204f4fa937,Loft - S53
81e0e5de-cbb9-400f-96be-99d5ab3b3992,Loft - S53
a2b98338-4af9-4d91-bac7-e8629cc2c9bc,Loft - S53
6ede2dc0-f8fd-425c-9272-a7227b6ade26,Loft - S53
cb26f83c-9042-47e5-840c-b820ceb7ba7f,Loft - S53
30960528-bf6f-4768-a91c-9061ba7177af,Loft - S53
eb0af248-362a-49f6-92cf-7145b8550bc2,Loft - S56
a6d8041f-11e5-4241-a8ba-c76aa5c23c96,Loft - S56
51ebd5e1-c526-401d-8716-90f179477901,Loft - S56
4494703c-c7b9-4cdc-a541-45c6a4a8831e,Loft - S73
11c81b58-b4ed-4bfb-9d51-3571e0a317ac,Loft - S56
c10f050a-bd5c-4267-be8a-d73835ed62d2,Loft - S57
8f6143d7-6a61-4044-9e23-2054b7b75dc8,Loft - S57
cb344f5b-52ee-421a-b449-037322a9ffbd,Loft - S57
9eeb8886-caf8-4103-b083-00f1db92ed1e,Loft - S57
a13660d8-6c9f-4871-9bdf-85d9416cda3d,Loft - S57
7f76f81e-0970-4e53-b34e-31190ee04361,Loft - S57
a2d633ed-df48-4f5b-a4e3-3b7440207d9b,Loft - S57
357b9b88-bcde-4ced-9c58-7639a8fae502,Loft - S57
b0b3e33f-80b7-4dbb-80e7-76748f4c0352,Loft - S57
4e88ff80-56cf-41bb-b679-36fba01f92fb,Loft - S57
a696a0a3-2eba-4427-8252-545ee8d239f1,Loft - S57
148c0819-4712-4b64-a4c4-7a3a77a9f121,Loft - S57
9988122d-284c-4415-aadf-174de789c5dc,Loft - S57
acd37aae-3da1-489e-9fc5-d28f370a2230,Loft - S57
e2d95fb6-e988-4a53-8edc-09fab9236c58,Loft - S60
ee6bef93-103d-41ce-a51a-4257e6368e7d,Loft - S60
15c06022-8be4-4f91-99fa-b3bfece08814,Loft - S60
f44cc44d-4326-46a5-8210-3abf2ad9f20e,Loft - S60
34417152-ee85-44c3-a61a-831cad69211b,Loft - S60
ce720283-1478-4f3e-9c0b-fc972582c29e,Loft - S60
83310ef9-4f6d-471a-9f0a-3193065c61f5,Loft - S60
7a602b2c-4b4d-437f-994b-44e637c1883e,Loft - S60
2ea3e321-bc9d-456e-8bba-8fbaa3ae3754,Loft - S64
8f21fd8b-4153-405c-b7c9-edb29a70a746,Loft - S64
6c5a47e4-ad1f-466b-bcde-9105e1ce0686,Loft - S64
072f714c-c63c-4317-af94-70c863be144a,Loft - S64
3658182d-3dc1-4f07-877f-1015c2795c98,Hadleys - S21
40f759fa-57b2-4e08-9df7-d469aea7abf1,Hadleys - S21
1b646bef-8276-477a-b8d7-6fe4d1936f16,Hadleys - S21
fda7c62c-de5b-41a5-bb5d-8fd15d405bfd,Hadleys - S21
13bf0732-c5b6-499b-9888-876f82506297,Loft - S64
07684c2b-b02d-40fd-9e36-a5c323070a46,Loft - S64
3429db8e-013a-4005-bd16-1cb2569627c3,Loft - S64
77e87ca2-3775-41fc-b7e1-67ee139f6505,Loft - S64
2414ee2f-49eb-4f3d-9207-19df00d77d90,Loft - S64
cd259c83-0d52-4b75-ad77-6e61776f85a4,Loft - S64
39acbe8f-62c7-49ae-a9cb-190ee5fe0b80,Loft - S64
e3728658-c710-4563-8c59-202ee31d2d87,Loft - S66
14960fbf-d729-427e-bdfa-730cc8f270e9,Loft - S66
210e0b81-31b9-46ca-9120-bddc3334b133,Loft - S70
fbe6983b-5152-4c99-9ffa-9e6f0eeb24cd,Loft - S66
22f1bfa5-ca81-4de7-bcfc-cedd46f9fd49,Loft - S66
b9be1338-4f0c-4c2f-be09-7d5dbb6a4abc,Loft - S66
d6da253d-ae8f-44bf-8043-dae3dc492626,Loft - S66
8db9704a-aa9d-4f19-91a0-91207166d5d1,Loft - S66
40b0be5d-a08f-4b41-b38e-45798143ab76,Loft - S66
178e8e50-69d6-49ae-86a6-ca52691ad6b4,Loft - S67
ff0a9809-d772-41b6-bc5e-caca6c1b70db,Loft - S67
5173dec7-0842-4b44-97dc-d483c969746c,Loft - S67
4691f4f0-b126-4dd4-be20-50c8fdef2890,Loft - S67
43a4698f-962f-4b07-ab85-f37b8d647c56,Loft - S67
20a5f7bf-7ad8-4812-ad98-5aaa44adbd22,Loft - S67
c34fa85a-b7d7-44ba-82a8-70930cd75bf8,Loft - S70
f71b5747-1c8f-4ae0-b316-e8acd549f0b7,Loft - S74
dbc1976f-6cbc-4df1-a612-89b4a49506eb,Loft - S70
fc625d91-7b81-4895-9213-372d76b0e6e2,Loft - S70
a1e2b626-9ff6-439a-99a0-8fab07753550,Loft - S70
46cf5769-4dd7-4027-95fd-7b19926ae967,Loft - S70
853ba573-5730-412d-9e45-058bff041bbe,Loft - S76
408a93a0-d380-415f-8b47-b871777688ec,Loft - S76
1f5f6ada-5bdd-4e91-ac50-f9d9b4091151,Loft - S76
56af8469-f218-4790-8dcb-bafa94fe5d43,Loft - S70
4b2957c1-20e9-488c-b9c0-79d3f425e71f,Loft - S70
f105f9c1-d8f5-4678-a34a-181378d315a2,Loft - S70
b5f70977-d87f-4f91-8e03-2ab97bf6bf95,Loft - S71
ab73c1f4-1105-42ff-98c8-825d3232fab8,Loft - S120
a781c3ee-aa0f-4ab3-9186-75f5152625df,Loft - S71
edbce456-14bf-43fa-ba34-3bbb7aaad8d5,Loft - S71
742ff1e3-8f3b-4920-a60f-41dacc2a93a9,Loft - S71
058a57d0-c3e6-4498-aaf1-8e62345539a6,Loft - S71
533740cc-6031-482f-a818-cc2438e2aef4,Loft - S71
756a2828-223c-474e-b48f-bed9268c655b,Loft - S71
371c8152-779b-4f51-8529-517859d5f819,Loft - S71
fd5e91ce-5745-42bb-aca1-2ab23f5219b0,Loft - S71
57e2b223-c836-40e5-8a70-7e7c7166c7e9,Loft - S71
a5d720e5-a518-4350-8407-41ad2dcba65e,Loft - S121
bfcf3355-de2e-4531-b415-95f30a0fa135,Loft - S121
57de7216-6603-4268-a91e-49028100955a,Loft - S121
e3ad6c62-b29e-482f-abfa-c6ee6a46e7a4,Loft - S121
324e920a-0126-4b4a-8218-e8696402e643,Loft - S72
869335c9-0a7d-4316-9c3d-e03f8bfb233d,Loft - S72
699b6402-4fa9-4c6c-aba2-b46c855a78f3,Loft - S72
e664d86e-1fab-4a89-a6b9-3eadb73f2803,Loft - S72
b68e71a0-00bb-41c1-ae62-5fb2a9e2d573,Loft - S75
673886bf-a977-4209-a7c1-a8fcff547d46,Loft - S73
00520be0-d307-42b1-9158-149c3f83a411,Loft - S74
45e4c18f-eb58-4d13-9b71-e29859270853,Loft - S74
49fc912b-65d7-4210-8ebf-c3eff5fa7211,Loft - S75
df5311d8-a3c8-4a44-8fab-fde86140c3ed,Loft - S75
d39b1e9c-65c6-4db2-b3bc-499489590c66,Loft - S75
bbb32808-4db4-4520-816b-85119bad615c,Loft - S76
407ef9c0-e0f5-4f07-92fc-bc003042b557,Loft - S76
9bc75e3c-7e05-40de-b8a0-92a02562ae14,Loft - S76
fd3dd161-0418-4522-80ee-1c399a5399ec,Loft - S89
23e504bb-ad57-4213-aad9-cb3fb3dd1e20,Loft - S89
4d238f38-7a77-4cb0-a3f1-8d967d5c977c,Loft - S89
0c17aa6c-e5c2-46f0-ab60-b96bc759cf42,Loft - S89
9cd402d4-e60e-444d-930a-a1f7ef42d377,Loft - S89
135b9c9c-afd6-40af-af46-3080a563506f,Loft - S90
2ae622d5-505a-4cda-b2ef-012a17b4379f,Loft - S91
690eef78-7c94-4629-a8cb-b6562fc25a62,Loft - S91
0351c149-9e2d-4706-b97c-62402a7234a6,Loft - S91
27e708a5-dbea-4fd4-b3f3-1dc55ccf0fac,Loft - S92
8b2115e2-e14b-44de-89f7-a2be7e4bb8a4,Loft - S91
462b0b41-8152-4fdd-87bc-a51ded73477a,Loft - S92
46d1a7e4-cc75-4a72-92d5-5ad3b5d0f84e,Loft - S101
1e77c77f-d349-437b-9f83-eff0538dc563,Loft - S102
f74d4140-56f4-4b73-a626-c13dc3509f25,Loft - S103
df7e3ec6-9089-4f39-9996-1885e911e2b0,Loft - S104
68ee818f-52d2-4c7f-9b44-dbf8c7ed4ba5,Loft - S105
aa908e12-f28e-40d4-a170-27fe9dcd743c,Loft - S109
24aba0cc-5ceb-4218-8197-dd0d69a8a51d,Loft - S114
2a91f714-d5da-4392-a70b-7192dec65b64,Loft - S115
115a4cc9-de60-48f0-81cd-2ad101971e9e,Loft - S116
43e53a25-80d7-448b-b79e-67369adecc0b,Loft - S118
bd37b7ea-933c-4923-a5e5-fe362cfa2d39,Loft - S121
311987cb-bd17-46df-a333-69b2c599f502,Loft - S121
43973ef9-f1bb-4b53-a032-5b32be59a0d6,Loft - S121
c78f4648-db64-4cd1-a1a6-436fecad3a43,Loft - S121
3d9d32f3-6df7-47de-b9cc-1a276943f0a9,Loft - S121
1eb902c4-b79f-4c73-8261-56ae83c14752,Loft - N107
86b32132-705e-42de-b936-b719a08f10b6,Loft - N107
2749f10a-aa89-4d6b-9775-a6a2aab2d463,Loft - N107
7f02aee6-d92e-46ed-9993-e69228cab3f6,Loft - N107
b42552e3-3f4e-4d27-a8b2-efbfe77c553c,Loft - N121
2ac4ad70-c196-4195-9b8d-9a369b3e28e0,Loft - N121
3dca2469-851f-4459-9651-ebe31268e47d,Loft - S200
04205c28-3143-4d55-842d-5e922ebb974a,Loft - S200
a2fc8716-3a29-4d10-9707-3060d866265a,Garage - Shelf
47fc31c6-44b6-4798-9f7f-95de6acc9d66,Garage - Shelf
08f6f907-dc13-4379-b3ee-48867ba9aa60,Loft - S5
31d44f76-d8c9-446c-863c-567bfd554815,Loft - S5
02582885-57a6-4d69-a218-d2abc1dae46b,Loft - S5
526e7ef1-ad19-4a5f-a1b0-570de011d647,Loft - S5
0a339e84-7844-4235-bf3a-bc3eaa649614,Loft - S5
5602ed61-f468-414e-866a-9f76f476bf3a,Loft - S5
a0171f2d-ac4b-4398-990a-805e6604542e,Loft - S5
8fcc295c-52d0-490c-ab31-1bec99a17c99,Loft - S5
06286400-af77-463d-be95-efbdf88aa54e,Loft - S5
925b712a-261c-4a74-822d-f8700714fda3,POLY - SW
ef582444-5efb-490c-9ef9-a56f10b5dd36,POLY - SW
0901bad9-214a-4f54-b899-4aecd1cb5743,POLY - SW
2e6e45dd-227b-4db0-a9be-dafbc6f5f68e,POLY - SW
dd123662-0f53-448f-b4d4-b2a6ad32ecb1,POLY - SW
ae2eca70-cceb-453a-8c65-51986dad2690,POLY - SW
793529f7-19b7-4e86-9167-d36d93a0bb7a,POLY - SW
448b53b1-805f-4219-b74e-b8e2a9075fad,POLY - SW
e04957e6-b980-483d-aae4-3a93a3dd7eb6,POLY - SW
b6f02c87-c823-4e7a-afa5-efc5a1510873,POLY - SW
386aaa44-eef1-40d2-896f-47caa49a06fe,POLY - SW
baebf1dc-446f-430e-bc42-50a8321819aa,POLY - SW
6abcae63-40b7-44ae-a704-a438094e0a85,POLY - SW
75497df4-1333-4be4-b758-0d9e483b1901,POLY - SW
7cd4c3e0-b7da-4e76-b1ea-cfcbd13723a8,POLY - NINJAGO
35a7ce5c-dbd0-44fd-91ce-168bad4232c2,POLY - NINJAGO
801e3064-e8bb-4455-a86a-499ce29cb701,POLY - NINJAGO
ffa2eafa-c366-4e6c-9c8a-59cf276e3cc6,POLY - NINJAGO
37ff0f82-998a-48c0-8f78-d706f8f24acd,POLY - NINJAGO
3e9852e5-bd7a-4b67-8c91-1a60f40c01b0,POLY - NINJAGO
e73e27c5-d38a-4c01-8afc-a67b1ab5773c,POLY - NINJAGO
5b953e27-0155-48fa-a5a4-80e52b759e64,POLY - NINJAGO
8a3c6961-9f2d-438e-84cf-998ab987a9f8,POLY - NINJAGO
a59348d9-3356-4993-915a-23dcb8c1be12,POLY - CREATOR
495934ed-1c7f-4b83-925c-db1451a9cb61,POLY - CREATOR
ae4b42e9-1c15-491e-86c0-350fbd42c4b0,POLY - CREATOR
0c1473a3-db3f-49ad-8c8a-3b4cd7ccdead,POLY - CREATOR
d1954fad-13c7-4499-a904-8517aa5fd1cd,POLY - CREATOR
6d86ec87-6439-4ee7-a9da-dab3dcf5a841,POLY - CREATOR
3874fad1-64b2-422d-b939-300fab6e326c,POLY - CREATOR
34d7200c-9d82-4974-8e00-b4801b3c4fbf,POLY - CREATOR
fb47fab8-7956-4f60-a733-529eb4d0a15b,POLY - CREATOR
7e979bf1-4546-45f1-99df-c6c6a3a8290a,POLY - CREATOR
fb936658-4d95-49a2-bd1e-9af4cf7ceba9,POLY - CREATOR
bd96ac98-070c-4cc0-8ddc-b16b336f7c5d,POLY - CREATOR
72a211ed-6b1c-4d7f-926a-f72ccfd805f5,POLY - CREATOR
a76e62f0-3d24-49b9-a071-2abbaf86d85e,POLY - CREATOR
bc092b31-8840-4508-83b1-f97522d167d5,POLY - CREATOR
b3d64915-894c-4654-b5a0-a0b688caf8ae,POLY - CREATOR
9d3bdb6b-1069-4433-ab77-aefab4a43c48,POLY - CREATOR
46d3c5f0-be8d-418d-a2cf-5d51d98478f8,POLY - CREATOR
f7e8bb95-4970-42f1-b25f-8276bfe82357,POLY - CREATOR
26890ff1-30d3-43bb-8f72-c8fa78c08295,POLY - CREATOR
c706004a-e094-4d95-b62b-31130e36698e,POLY - CREATOR
b7910111-48c5-4ad8-b7ec-80120ad394d4,POLY - CREATOR
9d50e901-bf31-441e-b8c8-609cd0f00548,POLY - THEMED
e6e112c9-bcc3-43e5-9433-59f338e9c095,POLY - THEMED
41aa0d16-a719-4446-a3f4-7b98279ed155,POLY - THEMED
5c34e59c-d12d-41dc-831e-9407caa5223c,POLY - THEMED
81effcca-8013-42e4-8e35-da0753625292,POLY - THEMED
59432812-ce9d-4531-a89c-0c2191094d89,POLY - THEMED
4b798dde-1bda-4c87-9494-74e7fd94dc58,POLY - THEMED
f5356bcb-8f89-4acc-a3b1-39650a2e60c6,POLY - THEMED
204ec804-6bed-437d-b4eb-96b38809a33d,POLY - THEMED
799a7da6-68b2-4915-aa2f-e5376ba3c98a,POLY - THEMED
89234803-43a0-4d8a-9023-2ce9294207c7,POLY - THEMED
3d536391-3150-4619-bb42-a918603fe084,POLY - THEMED
03cee5ee-3b30-4df1-bc4f-be1833bb8577,POLY - THEMED
02140084-b5fd-4dbb-bfde-a4d1957b419e,POLY - VIP
e23e4937-227b-4f76-944d-9d2106ac76d6,POLY - VIP
c9a22342-acf8-4c77-879c-de079803a531,POLY - VIP
c34f0d06-37ee-4545-9426-53c3c643ec67,POLY - VIP
3978f25d-1620-4c9d-a17d-677a583a7da7,POLY - VIP
034f25e4-b987-4092-892e-57ef59bebc37,POLY - VIP
d1e6d8da-f883-41de-bc56-58e3db226509,POLY - VIP
b054544e-0012-47c4-8432-dd61e38f05f4,POLY - VIP
82a0c619-df94-484a-b9ff-f91c0fecbcd0,POLY - VIP
9c67d54d-efaa-421e-b947-f72199cf0bc7,POLY - VIP
05434212-69f0-49d0-b2a1-6dd36a71a360,POLY - VIP
f7cf4684-5811-41ac-a070-302f35587cbe,POLY - VIP
41a42af7-bb85-4a73-9964-f96745b88d08,POLY - VIP
58b05112-d384-42a8-b799-63cc53b1259e,POLY - VIP
d37d872b-86bd-4218-ae2b-7557571e097c,POLY - VIP
d3414070-8815-4ad3-8744-4d3baac502e1,POLY - VIP
8b6d6d46-5733-4fc4-aa1b-5e869370535c,POLY - VIP
9a763d4b-8332-4f18-bb78-0bdc2fe4e310,POLY - VIP
abc43056-4d07-4408-91be-e0a7e62deefa,POLY - VIP
bd28701d-7c92-4fea-b2c1-d18e7fdb7bd3,POLY - VIP
8aa5d160-2a85-42b4-b863-ecec2a3b4eab,POLY - VIP
e0bdfe58-67ff-4d8b-a9a1-18c42940db3f,POLY - VIP
4e231e7c-6bf4-4140-9c3a-1ca3c8206328,POLY - VIP
80a48bd8-042e-4be2-a736-570d008444d6,POLY - VIP
1c9e0b6b-c77d-4c8d-a248-aceaebea71e3,POLY - VIP
8d7605f5-6f71-4634-998c-5ec165117f44,POLY - VIP
64cf300d-aaa5-4685-9bbe-7c1ef1bf78e3,POLY - VIP
5ca429fd-9d38-4035-99fb-6feed1cffc57,POLY - VIP
88147f28-4672-475b-bf88-1030d6597c60,POLY - VIP
e76c0ea4-8ec4-4fcb-a7eb-12365e15a4f2,POLY - VIP
c634f608-3e1b-4274-a165-a9a87d7c6662,POLY - VIP
8bbeb564-f4d4-47ab-81e4-b099576d7886,POLY - VIP
ef3d8333-8841-4161-b385-d44717d62580,POLY - VIP
2ddcc0d4-a31d-453f-b710-b8cf78b58cfa,POLY - VIP
0cbd92af-b668-4c0b-b6af-0de9aa90a543,POLY - VIP
3aa96184-a473-49c3-b51b-88b758a0ccb9,POLY - VIP
7976fa49-876d-4ecc-8947-2ffd1be1b367,POLY - VIP
e2011bba-bfe5-41f0-b9ed-fe087f8de8c7,POLY - VIP
89752d9c-9fab-466d-ab12-d63099ea4cc9,POLY - VIP
ef0e2106-2b84-40e2-ab25-8117ce558021,POLY - VIP
7e3ff888-9013-4754-9d48-cafc01ab1aae,POLY - VIP
59aab6b5-fb1b-4ad1-8bba-fec2def33647,POLY - VIP
447f29f7-b0a1-409d-8d07-4ec0fc47e204,POLY - VIP
05d0df59-fd62-4dfc-8693-d62f7b4da91f,POLY - VIP
544133ea-e068-4e55-957d-f046bf827f54,POLY - VIP
08d859fb-8664-46d4-8216-6491fc1cdcc3,POLY - VIP
d18fc9a3-6fc0-4464-b9dd-b58eec72e0b7,POLY - VIP
0df6dc12-21d7-4149-a3f3-5df3fc15339b,POLY - VIP
ec1ed019-d257-4daa-a895-a96437931df9,POLY - VIP
2039ba69-2f67-4296-a2c2-ddd6b8c78927,POLY - VIP
2305731d-bb7d-4e45-9cf2-feb8baf2177c,POLY - VIP
ff437a98-237b-491c-b154-b6c9f122c346,POLY - VIP
ca514327-e442-4abb-bd24-224ce54821c0,Hadleys - S14
960d0640-d1a5-4f6c-80f8-f06c7e57fcf6,Hadleys - S14
a71f1c9c-b93a-4aeb-b9e8-9e4c7b4868a3,Hadleys - S15
24a83520-a9d7-4243-b965-96e73f36a748,Hadleys - S15
afa1430e-479b-4335-98a1-a8ab8503e9b0,Hadleys - S15
aee62f22-1368-411b-85f9-61d362ce621d,Hadleys - S16
92e55e42-4ce5-4371-abe1-e2e8dfcfa81b,Hadleys - S16
e8ab4c30-d969-4bee-90a3-7829a603ec2b,Hadleys - S16
df98dad0-15a4-417a-9ec8-63689792c06a,Hadleys - S17
7d725d42-9331-4183-80ca-a642ac4e7023,Hadleys - S17
2301ba78-633a-426e-a071-9c353cd8275d,Hadleys - S17
703155e8-9e55-4099-b1fb-32e34c282823,Hadleys - S17
44012092-3907-4524-91b6-20663223f78f,Hadleys - S17
36544792-3406-4948-ab83-3b355a409b12,Hadleys - S17
def9782a-4167-42f4-b318-a896169b9455,Hadleys - S17
0b1da8e9-f09e-4b81-81aa-0b10de23d638,Hadleys - S17
97717875-2f92-425d-b48c-a85a276f56ea,Hadleys - S19
d7a3dd43-6727-48d6-a5b7-b7f86a94bb56,Hadleys - S19
2b5e514c-1c81-4cef-903d-72a614321f33,Hadleys - S19
55fd05d7-ce7d-48e1-b81f-6b2906a0fee7,Hadleys - S19
d310fbb1-07a2-4e63-a861-f76a78fffa75,Hadleys - S19
b202f7ab-6753-4b09-834b-e22231174b58,Hadleys - S19
74b36df2-d5c5-40ec-807d-4387470eb150,Hadleys - S19
8987975a-69f4-4e38-872d-733490aae2c2,Hadleys - S19
34503424-56d1-4afc-b78d-1edb291071b4,Hadleys - S19
c14b6f2e-3148-4012-aa44-b7d0d24c1627,Hadleys - S19
8d848df3-d6bf-4441-b324-9c71b1ea39ef,Hadleys - S19
a8946fbb-2b73-4fa0-894a-57e778f5ce63,GARAGE
4076c4df-418d-42ee-919d-d3242233fa2f,GARAGE
1e1f7396-0fa5-4980-adbc-d3415d08ae22,GARAGE
4953d8d0-5c82-426e-9446-acf59e0693d6,GARAGE
9c7b773b-10df-4580-99c4-ce2df4c8162f,GARAGE
095bd4bf-d723-4b1b-9cb8-7d4937307d4b,GARAGE
9f72cf65-5490-408c-abb8-2a09a3d733eb,GARAGE
5d90f1c8-1a24-403c-87b6-5ba6bf455d51,GARAGE
b3a04f40-3b0d-4af8-91fd-83e14f19e668,GARAGE
ea2cd270-b43f-4f6e-ad4e-f883fcd219bd,GARAGE
1056bc8c-96b0-4a5d-a778-ee4a561ecea3,GARAGE
e03ed5ca-dc96-4133-99a1-afa1fd81ef2c,GARAGE
d5901a21-622d-4711-a47c-3410528b5101,GARAGE
53794c1d-e93c-46e9-ba5c-bc22765171cb,GARAGE
991a5fd6-1544-42b3-aa8e-53bd01b1bee6,GARAGE
549295fd-3347-49eb-aed0-a1e66f2b579b,GARAGE
2c549b8f-22e6-42b4-9730-702b5703017f,GARAGE
7321035d-095c-44cf-8c3e-31815fdc427f,GARAGE
3789726b-9f00-4f6d-aa71-567395b3a46d,GARAGE
54976515-91a4-4361-bd6e-1e28ee69a310,GARAGE
3ec9e5f3-ca92-44b7-a973-453942a3808d,GARAGE
41776bf1-b48d-4d97-9aac-08ae6215ceab,GARAGE
1e8fe00d-9fbb-4861-8d18-a855766fb11d,GARAGE
e5bd3ede-54ed-49fc-9243-c5a60ddfb1cf,GARAGE
cbeb10a8-297a-40ed-bb9b-e3e875a58d32,GARAGE
7384972f-f919-4225-854d-4a63b67944b3,GARAGE
5ee4ea14-98e4-41ac-9e8a-54634dabae55,GARAGE
4dfc8aeb-24d2-4cc2-9a7f-8f44520b57b0,GARAGE
173c9aae-f308-47a9-a27d-b608189b38bf,GARAGE
7278f720-5d21-429a-abe3-d553bd79d21c,GARAGE
abfe7609-912b-473e-8958-fed4137f92fe,GARAGE